company,job_title,payment,location
公司,职位,薪酬,位置
游族网络,Web前端开发工程师（新番工作室）,1.5-2万/月,徐汇区宜山路711号2号楼游族大厦
company,job_title,payment,location
上海双梧建筑工程有限公司,助理项目经理,4.5-6千/月,上海市黄浦区南昌路60号
company,job_title,payment,location
瑞庭网络技术（上海）有限公司,A销售储备干部高薪双休,1.2-2万/月,上海市徐汇区虹漕路88号H88越虹广场A座18F
company,job_title,payment,location
游族网络,测试工程师（游戏）,0.8-1.5万/月,徐汇区宜山路711号2号楼游族大厦
company,job_title,payment,location
游族网络,（高级）3D引擎工程师,1.5-3万/月,徐汇区宜山路711号2号楼游族大厦
company,job_title,payment,location
游族网络,前端开发工程师,0.8-1.5万/月,徐汇区宜山路711号2号楼游族大厦
company,job_title,payment,location
游族网络,投融资服务顾问,1-1.5万/月,徐汇区宜山路711号2号楼游族大厦
company,job_title,payment,location
游族网络,（高级）Java开发工程师（Mob云事业部）,1.1-2万/月,徐汇区宜山路711号2号楼游族大厦
company,job_title,payment,location
游族网络,关卡策划,1.1-2万/月,徐汇区宜山路711号2号楼游族大厦
company,job_title,payment,location
游族网络,Go语言开发主程序,1.6-3万/月,徐汇区宜山路711号2号楼游族大厦
company,job_title,payment,location
游族网络,商务专员,0.8-1万/月,徐汇区宜山路711号2号楼游族大厦
company,job_title,payment,location
游族网络,海外商务高级经理,1.5-2万/月,徐汇区宜山路711号2号楼游族大厦
company,job_title,payment,location
游族网络,PHP开发工程师（SDK）,0.8-1.5万/月,徐汇区宜山路711号2号楼游族大厦
company,job_title,payment,location
游族网络,资深活动策划,1-1.5万/月,徐汇区宜山路711号2号楼游族大厦
company,job_title,payment,location
游族网络,美术外包管理专员,0.7-1.2万/月,徐汇区宜山路711号2号楼游族大厦
company,job_title,payment,location
游族网络,采购经理/行政部,0.8-1.2万/月,徐汇区宜山路711号2号楼游族大厦
company,job_title,payment,location
游族网络,副总裁秘书/助理,0.8-1.5万/月,徐汇区宜山路711号2号楼游族大厦
company,job_title,payment,location
游族网络,（高级）Go语言开发工程师,1.1-2万/月,徐汇区宜山路711号2号楼游族大厦
company,job_title,payment,location
游族网络,大客户营销经理,1.5-2万/月,徐汇区宜山路711号2号楼游族大厦
company,job_title,payment,location
游族网络,微信运营,6-9千/月,徐汇区宜山路711号2号楼游族大厦
company,job_title,payment,location
游族网络,运营策划（数据分析）,0.5-1.5万/月,徐汇区宜山路711号2号楼游族大厦
company,job_title,payment,location
游族网络,运营保障,1-1.5万/月,徐汇区宜山路711号2号楼游族大厦
company,job_title,payment,location
游族网络,海外运营经理,1.5-2万/月,徐汇区宜山路711号2号楼游族大厦
company,job_title,payment,location
游族网络,主UI,1.5-2万/月,徐汇区宜山路711号2号楼游族大厦
company,job_title,payment,location
游族网络,文案策划,1-1.5万/月,徐汇区宜山路711号2号楼游族大厦
company,job_title,payment,location
游族网络,（高级）Java开发工程师（游戏）,1.1-2万/月,徐汇区宜山路711号2号楼游族大厦
company,job_title,payment,location
游族网络,（高级）Java开发工程师（游戏）,1.1-2万/月,徐汇区宜山路711号2号楼游族大厦
company,job_title,payment,location
游族网络,Java开发主程序（游戏）,1.6-3万/月,徐汇区宜山路711号2号楼游族大厦
company,job_title,payment,location
游族网络,SEO工程师（市场中心）,0.8-1.2万/月,徐汇区宜山路711号2号楼游族大厦
company,job_title,payment,location
游族网络,Hadoop运维工程师,1-1.5万/月,徐汇区宜山路711号2号楼游族大厦
company,job_title,payment,location
游族网络,U3D特效师,1.5-2万/月,徐汇区宜山路711号2号楼游族大厦
company,job_title,payment,location
游族网络,数据分析,0.9-1.8万/月,徐汇区宜山路711号2号楼游族大厦
company,job_title,payment,location
游族网络,网页设计师,1-1.5万/月,徐汇区宜山路711号2号楼游族大厦
company,job_title,payment,location
游族网络,商业数据分析/挖掘师,1.1-2万/月,徐汇区宜山路711号2号楼游族大厦
company,job_title,payment,location
游族网络,投资法务经理,2.5-3万/月,徐汇区宜山路711号2号楼游族大厦
company,job_title,payment,location
游族网络,用户研究专员,0.6-1万/月,徐汇区宜山路711号2号楼游族大厦
company,job_title,payment,location
游族网络,数值策划,1-1.5万/月,徐汇区宜山路711号2号楼游族大厦
company,job_title,payment,location
游族网络,资深美术指导（平面设计）（市场中心）,1.5-2万/月,徐汇区宜山路711号2号楼游族大厦
company,job_title,payment,location
游族网络,VIP客服,3-4.5千/月,徐汇区宜山路711号2号楼游族大厦
company,job_title,payment,location
游族网络,高级Cocos2d-x开发工程师,1.1-2万/月,徐汇区宜山路711号2号楼游族大厦
company,job_title,payment,location
游族网络,制作人,2.5-3万/月,徐汇区宜山路711号2号楼游族大厦
company,job_title,payment,location
游族网络,2D特效师,1-1.5万/月,徐汇区宜山路711号2号楼游族大厦
company,job_title,payment,location
游族网络,数据挖掘工程师,1.5-2万/月,徐汇区宜山路711号2号楼游族大厦
company,job_title,payment,location
游族网络,数据算法工程师,1.5-2万/月,徐汇区宜山路711号2号楼游族大厦
company,job_title,payment,location
游族网络,大数据开发工程师,20-30万/年,徐汇区宜山路711号2号楼游族大厦
company,job_title,payment,location
游族网络,客服专员,3-4.5千/月,徐汇区宜山路711号2号楼游族大厦
company,job_title,payment,location
游族网络,司机,4-6千/月,徐汇区宜山路711号2号楼游族大厦
company,job_title,payment,location
游族网络,主策划,2-2.5万/月,徐汇区宜山路711号2号楼游族大厦
company,job_title,payment,location
游族网络,市场策划专家,15-20万/年,徐汇区宜山路711号2号楼游族大厦
company,job_title,payment,location
游族网络,客服经理,1.5-2万/月,徐汇区宜山路711号2号楼游族大厦
company,job_title,payment,location
游族网络,（高级）系统策划,1-1.5万/月,徐汇区宜山路711号2号楼游族大厦
company,job_title,payment,location
游族网络,（高级）系统策划,1-1.5万/月,徐汇区宜山路711号2号楼游族大厦
company,job_title,payment,location
游族网络,数据分析师-战神,0.7-1万/月,徐汇区宜山路711号2号楼游族大厦
company,job_title,payment,location
游族网络,业务拓展经理/总监（Mob云事业部）,1.5-2万/月,徐汇区宜山路711号2号楼游族大厦
company,job_title,payment,location
游族网络,场景原画设计师,1.5-2万/月,徐汇区宜山路711号2号楼游族大厦
company,job_title,payment,location
游族网络,主策划（偏数值方向）,2-2.5万/月,徐汇区宜山路711号2号楼游族大厦
company,job_title,payment,location
游族网络,运营主管,1-1.5万/月,徐汇区宜山路711号2号楼游族大厦
company,job_title,payment,location
游族网络,3D模型,0.8-1.6万/月,徐汇区宜山路711号2号楼游族大厦
company,job_title,payment,location
游族网络,3D动作,0.8-1.5万/月,徐汇区宜山路711号2号楼游族大厦
company,job_title,payment,location
游族网络,3D动作,0.8-1.5万/月,徐汇区宜山路711号2号楼游族大厦
company,job_title,payment,location
游族网络,Cocos2d-x开发主程序,1.6-3万/月,徐汇区宜山路711号2号楼游族大厦
company,job_title,payment,location
游族网络,政府项目经理,0.6-1.1万/月,徐汇区宜山路711号2号楼游族大厦
company,job_title,payment,location
游族网络,Flash页游主程（AS3主程）,2.5-3万/月,徐汇区宜山路711号2号楼游族大厦
company,job_title,payment,location
游族网络,Android移动开发工程师,1.5-2万/月,徐汇区宜山路711号2号楼游族大厦
company,job_title,payment,location
游族网络,产品经理（游戏）,2-2.5万/月,徐汇区宜山路711号2号楼游族大厦
company,job_title,payment,location
游族网络,主策划（偏数值）,2-2.5万/月,徐汇区宜山路711号2号楼游族大厦
company,job_title,payment,location
游族网络,iOS移动开发工程师,1.5-2万/月,徐汇区宜山路711号2号楼游族大厦
company,job_title,payment,location
游族网络,游戏研发策划,1-1.5万/月,徐汇区宜山路711号2号楼游族大厦
company,job_title,payment,location
游族网络,（资深）数据开发,1.5-2万/月,徐汇区宜山路711号2号楼游族大厦
company,job_title,payment,location
游族网络,海外市场品牌总监（环球工作室）,3-3.5万/月,徐汇区宜山路711号2号楼游族大厦
company,job_title,payment,location
游族网络,公关传播总监,3-4万/月,徐汇区宜山路711号2号楼游族大厦
company,job_title,payment,location
游族网络,数据分析专家,2-2.5万/月,徐汇区宜山路711号2号楼游族大厦
company,job_title,payment,location
游族网络,资深文案宣传,1.5-2万/月,徐汇区宜山路711号2号楼游族大厦
company,job_title,payment,location
游族网络,高级运营策划（版本管理方向）（星火工作室）,0.8-1.3万/月,徐汇区宜山路711号2号楼游族大厦
company,job_title,payment,location
游族网络,系统策划（二次元）,1.5-2万/月,徐汇区宜山路711号2号楼游族大厦
company,job_title,payment,location
游族网络,高级运营策划（版本管理方向）,0.8-1.3万/月,徐汇区宜山路711号2号楼游族大厦
company,job_title,payment,location
游族网络,市场文案,0.7-1.2万/月,徐汇区宜山路711号2号楼游族大厦
company,job_title,payment,location
游族网络,美术指导(角色原画类),2-2.5万/月,徐汇区宜山路711号2号楼游族大厦
company,job_title,payment,location
游族网络,Senior Business Assistant to Chief Product Officer,2-2.5万/月,徐汇区宜山路711号2号楼游族大厦
company,job_title,payment,location
游族网络,机器学习算法工程师——计算广告学,2-3万/月,徐汇区宜山路711号2号楼游族大厦
company,job_title,payment,location
游族网络,游戏测试工程师,0.8-1万/月,徐汇区宜山路711号2号楼游族大厦
company,job_title,payment,location
游族网络,平面设计师,0.8-1.2万/月,徐汇区宜山路711号2号楼游族大厦
company,job_title,payment,location
游族网络,高级大数据产品经理,2-3万/月,徐汇区宜山路711号2号楼游族大厦
company,job_title,payment,location
游族网络,综合客服,0.8-1万/月,徐汇区宜山路711号2号楼游族大厦
company,job_title,payment,location
游族网络,测试经理（战神工作室）,1.8-2万/月,徐汇区宜山路711号2号楼游族大厦
company,job_title,payment,location
游族网络,文案宣传,1-1.5万/月,徐汇区宜山路711号2号楼游族大厦
company,job_title,payment,location
游族网络,（高级）系统策划（表现策划）,1.5-2万/月,徐汇区宜山路711号2号楼游族大厦
company,job_title,payment,location
游族网络,3D动画师（市场中心）,1.5-2万/月,徐汇区宜山路711号2号楼游族大厦
company,job_title,payment,location
游族网络,次世代场景模型师（市场中心）,0.8-1.5万/月,徐汇区宜山路711号2号楼游族大厦
company,job_title,payment,location
游族网络,绑定师（市场中心）,1.5-2万/月,徐汇区宜山路711号2号楼游族大厦
company,job_title,payment,location
游族网络,高级模型师（市场中心）,1.5-2万/月,徐汇区宜山路711号2号楼游族大厦
company,job_title,payment,location
游族网络,次世代角色模型师（市场中心）,1.5-2万/月,徐汇区宜山路711号2号楼游族大厦
company,job_title,payment,location
游族网络,副总裁助理（兼HRBP助理）,0.7-1万/月,徐汇区宜山路711号2号楼游族大厦
company,job_title,payment,location
游族网络,算法工程师,2-2.5万/月,徐汇区宜山路711号2号楼游族大厦
company,job_title,payment,location
游族网络,游戏研发文案策划,1-1.6万/月,徐汇区宜山路711号2号楼游族大厦
company,job_title,payment,location
游族网络,机电工程主管,0.8-1.5万/月,徐汇区宜山路711号2号楼游族大厦
company,job_title,payment,location
游族网络,UE4特效师（市场中心）,0.8-1.5万/月,徐汇区宜山路711号2号楼游族大厦
company,job_title,payment,location
游族网络,会议室管理员（helpdesk）（实习）,2.6-2.8千/月,徐汇区宜山路711号2号楼游族大厦
company,job_title,payment,location
游族网络,资深场景原画,0.8-1.2万/月,徐汇区宜山路711号2号楼游族大厦
company,job_title,payment,location
游族网络,美宣高级专家,1.8-2.2万/月,徐汇区宜山路711号2号楼游族大厦
company,job_title,payment,location
游族网络,新媒体策划经理,1.5-2万/月,徐汇区宜山路711号2号楼游族大厦
company,job_title,payment,location
游族网络,高级影视特效师（市场中心）,1.5-2万/月,徐汇区宜山路711号2号楼游族大厦
company,job_title,payment,location
游族网络,Business Analyst 海外战略业务分析( 海外留学背景),1.1-1.3万/月,徐汇区宜山路711号2号楼游族大厦
company,job_title,payment,location
游族网络,高级角色特效师（市场中心）,1.5-2万/月,徐汇区宜山路711号2号楼游族大厦
company,job_title,payment,location
游族网络,Cocos2d-x开发工程师,1.5-2.5万/月,徐汇区宜山路711号2号楼游族大厦
company,job_title,payment,location
游族网络,（资深）H5前端开发工程师,1.5-2万/月,徐汇区宜山路711号2号楼游族大厦
company,job_title,payment,location
游族网络,资深角色原画（日韩二次元）,1.5-2万/月,徐汇区宜山路711号2号楼游族大厦
company,job_title,payment,location
游族网络,技术美术总监,3-4万/月,徐汇区宜山路711号2号楼游族大厦
company,job_title,payment,location
游族网络,资深媒介专员,1-1.6万/月,徐汇区宜山路711号2号楼游族大厦
company,job_title,payment,location
游族网络,Java开发工程师（运维）,2-2.5万/月,徐汇区宜山路711号2号楼游族大厦
company,job_title,payment,location
游族网络,游戏策划实习生,2.6-2.8千/月,徐汇区宜山路711号2号楼游族大厦
company,job_title,payment,location
游族网络,用户运营（直播向）,0.6-1万/月,徐汇区宜山路711号2号楼游族大厦
company,job_title,payment,location
游族网络,高级运营策划（版本管理方向）（环球工作室）,0.8-1.2万/月,徐汇区宜山路711号2号楼游族大厦
company,job_title,payment,location
游族网络,财务主管（上海游戏行业协会）,1-1.2万/月,徐汇区宜山路711号2号楼游族大厦
company,job_title,payment,location
游族网络,手游客户端软件开发工程师（游创在孵企业）,0.8-1万/月,徐汇区宜山路711号2号楼游族大厦
company,job_title,payment,location
游族网络,商业产品经理,1-2万/月,徐汇区宜山路711号2号楼游族大厦
company,job_title,payment,location
游族网络,产品负责人,5-7万/月,徐汇区宜山路711号2号楼游族大厦
company,job_title,payment,location
游族网络,CRO助理（首席风控官助理）,0.5-1万/月,徐汇区宜山路711号2号楼游族大厦
company,job_title,payment,location
游族网络,引擎专家,3-4万/月,徐汇区宜山路711号2号楼游族大厦
company,job_title,payment,location
游族网络,游戏项目PM,2-3万/月,徐汇区宜山路711号2号楼游族大厦
company,job_title,payment,location
游族网络,TA技术美术专家,2-3万/月,徐汇区宜山路711号2号楼游族大厦
company,job_title,payment,location
游族网络,客服主管（金融事业部）,1-1.5万/月,徐汇区宜山路711号2号楼游族大厦
company,job_title,payment,location
游族网络,app产品经理（金融事业部）,1-1.5万/月,徐汇区宜山路711号2号楼游族大厦
company,job_title,payment,location
游族网络,C++开发专家,3-4万/月,徐汇区宜山路711号2号楼游族大厦
company,job_title,payment,location
游族网络,高级客服专员（金融事业部）,6-8千/月,徐汇区宜山路711号2号楼游族大厦
company,job_title,payment,location
游族网络,风控总监（金融事业部）,3-4万/月,徐汇区宜山路711号2号楼游族大厦
company,job_title,payment,location
游族网络,数据库开发工程师（游戏服务器及数分工具）,1.5-2.5万/月,徐汇区宜山路711号2号楼游族大厦
company,job_title,payment,location
游族网络,催收经理（金融事业部）,1-1.5万/月,徐汇区宜山路711号2号楼游族大厦
company,job_title,payment,location
游族网络,平面设计,0.8-1万/月,徐汇区宜山路711号2号楼游族大厦
company,job_title,payment,location
游族网络,高级共享中心专员,7-8千/月,徐汇区宜山路711号2号楼游族大厦
company,job_title,payment,location
游族网络,测试工程师（金融事业部）,1-1.5万/月,徐汇区宜山路711号2号楼游族大厦
company,job_title,payment,location
游族网络,用户运营专员（金融事业部）,6-8千/月,徐汇区宜山路711号2号楼游族大厦
company,job_title,payment,location
游族网络,高级3D动作,1.5-2万/月,徐汇区宜山路711号2号楼游族大厦
company,job_title,payment,location
游族网络,PHP后端开发工程师（游戏）,0.6-1.1万/月,徐汇区宜山路711号2号楼游族大厦
company,job_title,payment,location
游族网络,PHP后端开发工程师（游戏）,0.6-1.1万/月,徐汇区宜山路711号2号楼游族大厦
company,job_title,payment,location
游族网络,资深会务管理/行政部,7-8千/月,徐汇区宜山路711号2号楼游族大厦
company,job_title,payment,location
游族网络,资深用户运营,0.8-1.2万/月,徐汇区宜山路711号2号楼游族大厦
company,job_title,payment,location
游族网络,Java数据工程师（金融事业部）,1-1.5万/月,徐汇区宜山路711号2号楼游族大厦
company,job_title,payment,location
游族网络,执行Unity3d主程序,1.5-3万/月,徐汇区宜山路711号2号楼游族大厦
company,job_title,payment,location
游族网络,创意策划经理,2.5-3万/月,徐汇区宜山路711号2号楼游族大厦
company,job_title,payment,location
游族网络,高级3D场景（手绘）,1-1.5万/月,徐汇区宜山路711号2号楼游族大厦
company,job_title,payment,location
游族网络,资深3D角色（手绘）,1.5-2万/月,徐汇区宜山路711号2号楼游族大厦
company,job_title,payment,location
游族网络,国内广告优化投放,0.8-1.5万/月,徐汇区宜山路711号2号楼游族大厦
company,job_title,payment,location
游族网络,海外市场（港澳台）,0.8-1.6万/月,徐汇区宜山路711号2号楼游族大厦
company,job_title,payment,location
游族网络,（高级）C++开发工程师,1-2万/月,徐汇区宜山路711号2号楼游族大厦
company,job_title,payment,location
游族网络,高级Unity3D开发工程师,1-2万/月,徐汇区宜山路711号2号楼游族大厦
company,job_title,payment,location
游族网络,运维工程师（游戏）,1.1-2万/月,徐汇区宜山路711号2号楼游族大厦
company,job_title,payment,location
游族网络,Flash开发工程师,0.6-1.1万/月,徐汇区宜山路711号2号楼游族大厦
company,job_title,payment,location
游族网络,运维产品策划（平台）,1.5-2万/月,徐汇区宜山路711号2号楼游族大厦
company,job_title,payment,location
游族网络,市场策划,0.7-1.2万/月,徐汇区宜山路711号2号楼游族大厦
company,job_title,payment,location
游族网络,测试主管（游戏）,1.1-2万/月,徐汇区宜山路711号2号楼游族大厦
company,job_title,payment,location
游族网络,市场策划经理,1.3-2.3万/月,徐汇区宜山路711号2号楼游族大厦
company,job_title,payment,location
游族网络,（高级/资深）运营策划（版本）,1-1.5万/月,徐汇区宜山路711号2号楼游族大厦
company,job_title,payment,location
游族网络,海外客服经理,1.5-2万/月,徐汇区宜山路711号2号楼游族大厦
company,job_title,payment,location
游族网络,资深角色原画设计师,1.5-2万/月,徐汇区宜山路711号2号楼游族大厦
company,job_title,payment,location
游族网络,C++开发主程序,1.6-3万/月,徐汇区宜山路711号2号楼游族大厦
company,job_title,payment,location
游族网络,游戏客服实习生,140元/天,徐汇区宜山路711号2号楼游族大厦
company,job_title,payment,location
游族网络,工程经理,1.6-2万/月,徐汇区宜山路711号2号楼游族大厦
company,job_title,payment,location
游族网络,PHP数据开发专家,1.5-2万/月,徐汇区宜山路711号2号楼游族大厦
company,job_title,payment,location
游族网络,分布式框架JAVA工程师,2-3万/月,徐汇区宜山路711号2号楼游族大厦
company,job_title,payment,location
游族网络,渠道运营,0.8-1.2万/月,徐汇区宜山路711号2号楼游族大厦
company,job_title,payment,location
游族网络,海外市场（英语）,0.8-1.5万/月,徐汇区宜山路711号2号楼游族大厦
company,job_title,payment,location
游族网络,测试经理（游戏）,1.6-3万/月,徐汇区宜山路711号2号楼游族大厦
company,job_title,payment,location
游族网络,Web前端开发专家,2-2.5万/月,徐汇区宜山路711号2号楼游族大厦
company,job_title,payment,location
游族网络,技术总监,1.6-3万/月,徐汇区宜山路711号2号楼游族大厦
company,job_title,payment,location
游族网络,产品经理,2-2.5万/月,徐汇区宜山路711号2号楼游族大厦
company,job_title,payment,location
游族网络,游戏研发系统策划,1.2-1.8万/月,徐汇区宜山路711号2号楼游族大厦
company,job_title,payment,location
游族网络,资深公关活动专员（市场中心）,1-1.5万/月,徐汇区宜山路711号2号楼游族大厦
company,job_title,payment,location
游族网络,运营经理,1.5-2万/月,徐汇区宜山路711号2号楼游族大厦
company,job_title,payment,location
游族网络,3D角色美术设计师,2-2.5万/月,徐汇区宜山路711号2号楼游族大厦
company,job_title,payment,location
游族网络,角色原画设计师,1-1.5万/月,徐汇区宜山路711号2号楼游族大厦
company,job_title,payment,location
游族网络,大数据架构师（金融事业部）,1.5-2万/月,徐汇区宜山路711号2号楼游族大厦
company,job_title,payment,location
游族网络,Java研发工程师（金融事业部）,1-1.5万/月,徐汇区宜山路711号2号楼游族大厦
company,job_title,payment,location
游族网络,创意策划经理,2-3万/月,徐汇区宜山路711号2号楼游族大厦
company,job_title,payment,location
游族网络,Android移动开发工程师,1-1.6万/月,徐汇区宜山路711号2号楼游族大厦
company,job_title,payment,location
游族网络,Cocos2d-x工程师/运营中心,4.5-6千/月,徐汇区宜山路711号2号楼游族大厦
company,job_title,payment,location
游族网络,Polski Localization,1.2-2.4万/月,徐汇区宜山路711号2号楼游族大厦
company,job_title,payment,location
游族网络,QA工程师,0.8-1.3万/月,徐汇区宜山路711号2号楼游族大厦
company,job_title,payment,location
游族网络,数据可视化工程师,0.8-1.5万/月,徐汇区宜山路711号2号楼游族大厦
company,job_title,payment,location
游族网络,海外平台客服经理,1.5-2万/月,徐汇区宜山路711号2号楼游族大厦
company,job_title,payment,location
游族网络,游戏测试主管（无限工作室）,1-1.2万/月,徐汇区宜山路711号2号楼游族大厦
company,job_title,payment,location
游族网络,美术指导,1-2万/月,徐汇区宜山路711号2号楼游族大厦
company,job_title,payment,location
游族网络,资深场景原画设计师（无限工作室）,1.3-1.7万/月,徐汇区宜山路711号2号楼游族大厦
company,job_title,payment,location
游族网络,资深角色原画设计师,1.4-2万/月,徐汇区宜山路711号2号楼游族大厦
company,job_title,payment,location
游族网络,U3D地编（无限）,1.2-1.6万/月,徐汇区宜山路711号2号楼游族大厦
company,job_title,payment,location
游族网络,海外游戏制作人（环球工作室）,3-4.5万/月,徐汇区宜山路711号2号楼游族大厦
company,job_title,payment,location
游族网络,副总裁助理(无限）,0.8-1.6万/月,徐汇区宜山路711号2号楼游族大厦
company,job_title,payment,location
游族网络,资深文案（市场中心）,0.8-1.5万/月,徐汇区宜山路711号2号楼游族大厦
company,job_title,payment,location
游族网络,C++服务器工程师,1-2万/月,徐汇区宜山路711号2号楼游族大厦
company,job_title,payment,location
游族网络,Flash高级工程师,1.3-1.8万/月,徐汇区宜山路711号2号楼游族大厦
company,job_title,payment,location
游族网络,资深网页设计师,1-2万/月,徐汇区宜山路711号2号楼游族大厦
company,job_title,payment,location
游族网络,董事长助理,1.5-3万/月,徐汇区宜山路711号2号楼游族大厦
company,job_title,payment,location
游族网络,助理flash工程师（大侠）,0.6-1万/月,徐汇区宜山路711号2号楼游族大厦
company,job_title,payment,location
游族网络,海外客服经理,1.2-1.5万/月,徐汇区宜山路711号2号楼游族大厦
company,job_title,payment,location
游族网络,HR招聘实习生,140元/天,徐汇区宜山路711号2号楼游族大厦
company,job_title,payment,location
游族网络,海外游戏客服,0.5-1万/月,徐汇区宜山路711号2号楼游族大厦
company,job_title,payment,location
游族网络,测试经理（环球）,1.3-2.6万/月,徐汇区宜山路711号2号楼游族大厦
company,job_title,payment,location
游族网络,游戏制作人（环球）,2.5-3.7万/月,徐汇区宜山路711号2号楼游族大厦
company,job_title,payment,location
游族网络,海外运营策划,0.7-1.3万/月,徐汇区宜山路711号2号楼游族大厦
company,job_title,payment,location
游族网络,海外产品经理（环球）,1.3-2.6万/月,徐汇区宜山路711号2号楼游族大厦
company,job_title,payment,location
游族网络,海外品牌经理,1.3-2.6万/月,徐汇区宜山路711号2号楼游族大厦
company,job_title,payment,location
游族网络,海外资深文案,0.7-1.3万/月,徐汇区宜山路711号2号楼游族大厦
company,job_title,payment,location
游族网络,Unity3D主程 （环球）,2-3万/月,徐汇区宜山路711号2号楼游族大厦
company,job_title,payment,location
游族网络,盗墓笔记-资深场景原画设计师,1-1.5万/月,徐汇区宜山路711号2号楼游族大厦
company,job_title,payment,location
游族网络,.net开发工程师,1-2万/月,徐汇区宜山路711号2号楼游族大厦
company,job_title,payment,location
游族网络,市场策划经理,1.3-2.3万/月,徐汇区宜山路711号2号楼游族大厦
company,job_title,payment,location
游族网络,市场策划,0.7-1.2万/月,徐汇区宜山路711号2号楼游族大厦
company,job_title,payment,location
游族网络,薪酬经理,1.5-2万/月,徐汇区宜山路711号2号楼游族大厦
company,job_title,payment,location
游族网络,海外市场（港澳台）,0.8-1.6万/月,徐汇区宜山路711号2号楼游族大厦
company,job_title,payment,location
游族网络,活动运营专员,6-8千/月,徐汇区宜山路711号2号楼游族大厦
company,job_title,payment,location
游族网络,数据可视化开发经理,2-2.5万/月,徐汇区宜山路711号2号楼游族大厦
company,job_title,payment,location
游族网络,高级共享中心专员,7-8千/月,徐汇区宜山路711号2号楼游族大厦
company,job_title,payment,location
游族网络,游戏本地化（葡萄语）,0.8-1万/月,徐汇区宜山路711号2号楼游族大厦
company,job_title,payment,location
游族网络,海外平台客服经理,1-2万/月,徐汇区宜山路711号2号楼游族大厦
company,job_title,payment,location
游族网络,（高级/资深）运营策划（版本管理方向）,1-1.5万/月,徐汇区宜山路711号2号楼游族大厦
company,job_title,payment,location
游族网络,（高级）Java开发工程师,1.1-2万/月,徐汇区宜山路711号2号楼游族大厦
company,job_title,payment,location
游族网络,3D特效（引擎类)）,1-1.7万/月,徐汇区宜山路711号2号楼游族大厦
company,job_title,payment,location
游族网络,市场研究专员,0.6-1万/月,徐汇区宜山路711号2号楼游族大厦
company,job_title,payment,location
游族网络,繁中广告优化专员,1-1.5万/月,徐汇区宜山路711号2号楼游族大厦
company,job_title,payment,location
游族网络,资深品牌宣传策划,1-2万/月,徐汇区宜山路711号2号楼游族大厦
company,job_title,payment,location
游族网络,IT技术支持（平台）,0.6-1万/月,徐汇区宜山路711号2号楼游族大厦
company,job_title,payment,location
游族网络,国内广告优化专员,0.8-1.5万/月,徐汇区宜山路711号2号楼游族大厦
company,job_title,payment,location
游族网络,高级产品战略分析师,1.5-2.5万/月,徐汇区宜山路711号2号楼游族大厦
company,job_title,payment,location
游族网络,系统策划（偏表现策划）,0.7-1.3万/月,徐汇区宜山路711号2号楼游族大厦
company,job_title,payment,location
游族网络,文案策划,0.7-1.5万/月,徐汇区宜山路711号2号楼游族大厦
company,job_title,payment,location
游族网络,U3D特效美术设计师,1-1.5万/月,徐汇区宜山路711号2号楼游族大厦
company,job_title,payment,location
游族网络,资深系统策划（无限工作室）,1-1.5万/月,徐汇区宜山路711号2号楼游族大厦
company,job_title,payment,location
游族网络,文案策划（无限工作室）,1-1.5万/月,徐汇区宜山路711号2号楼游族大厦
company,job_title,payment,location
游族网络,渠道运营,0.8-1.2万/月,徐汇区宜山路711号2号楼游族大厦
company,job_title,payment,location
游族网络,文案宣传主管,1.5-2万/月,徐汇区宜山路711号2号楼游族大厦
company,job_title,payment,location
游族网络,C++前端开发,1.5-2.5万/月,徐汇区宜山路711号2号楼游族大厦
company,job_title,payment,location
游族网络,社区经营（北美&欧盟区）,0.6-1.2万/月,徐汇区宜山路711号2号楼游族大厦
company,job_title,payment,location
游族网络,大数据开发工程师,1.5-2万/月,徐汇区宜山路711号2号楼游族大厦
company,job_title,payment,location
游族网络,3D角色美术设计（次时代）,1.5-2.5万/月,徐汇区宜山路711号2号楼游族大厦
company,job_title,payment,location
游族网络,场景原画,1-1.7万/月,徐汇区宜山路711号2号楼游族大厦
company,job_title,payment,location
游族网络,市场经理（女神工作室）,1.5-2.5万/月,徐汇区宜山路711号2号楼游族大厦
company,job_title,payment,location
游族网络,美术总监（环球）,1.5-3万/月,徐汇区宜山路711号2号楼游族大厦
company,job_title,payment,location
游族网络,技术总监（环球）,2-4万/月,徐汇区宜山路711号2号楼游族大厦
company,job_title,payment,location
游族网络,运营专员,1-1.5万/月,徐汇区宜山路711号2号楼游族大厦
company,job_title,payment,location
游族网络,测试开发工程师/研发资源平台,0.7-1万/月,徐汇区宜山路711号2号楼游族大厦
company,job_title,payment,location
游族网络,战斗数值策划（女神工作室）,1.5-2万/月,徐汇区宜山路711号2号楼游族大厦
company,job_title,payment,location
游族网络,运营经理-女神工作室,2-2.5万/月,徐汇区宜山路711号2号楼游族大厦
company,job_title,payment,location
游族网络,视觉设计经理,1.5-2万/月,徐汇区宜山路711号2号楼游族大厦
company,job_title,payment,location
游族网络,技术专家,1.6-3万/月,徐汇区宜山路711号2号楼游族大厦
company,job_title,payment,location
游族网络,COCOS主程,2-2.5万/月,徐汇区宜山路711号2号楼游族大厦
company,job_title,payment,location
游族网络,3D动作美术设计师（无限工作室）,1.3-1.7万/月,徐汇区宜山路711号2号楼游族大厦
company,job_title,payment,location
游族网络,美术指导（平面设计师）,1-2万/月,徐汇区宜山路711号2号楼游族大厦
company,job_title,payment,location
游族网络,市场策划经理,1.5-2万/月,徐汇区宜山路711号2号楼游族大厦
company,job_title,payment,location
游族网络,高级/资深文案,0.7-1.3万/月,徐汇区宜山路711号2号楼游族大厦
company,job_title,payment,location
游族网络,高级U3D工程师,1.5-2.5万/月,徐汇区宜山路711号2号楼游族大厦
company,job_title,payment,location
游族网络,高级GO语言工程师,1-2万/月,徐汇区宜山路711号2号楼游族大厦
company,job_title,payment,location
游族网络,高级JAVA开发工程师,1-2.5万/月,徐汇区宜山路711号2号楼游族大厦
company,job_title,payment,location
游族网络,C++后端主程,1-2.5万/月,徐汇区宜山路711号2号楼游族大厦
company,job_title,payment,location
游族网络,高级运营策划(活动、数据方向),1-1.6万/月,徐汇区宜山路711号2号楼游族大厦
company,job_title,payment,location
游族网络,高级系统策划（All in 工作室）运维,1-1.5万/月,徐汇区宜山路711号2号楼游族大厦
company,job_title,payment,location
游族网络,日语助理,0.5-1万/月,徐汇区宜山路711号2号楼游族大厦
company,job_title,payment,location
游族网络,产品策划经理(环球工作室),1.5-2万/月,徐汇区宜山路711号2号楼游族大厦
company,job_title,payment,location
游族网络,海外运营高级专员,1-1.4万/月,徐汇区宜山路711号2号楼游族大厦
company,job_title,payment,location
游族网络,C++/Go语言服务器主程（女神工作室）,2-2.8万/月,徐汇区宜山路711号2号楼游族大厦
company,job_title,payment,location
游族网络,FLASH工程师,6-8千/月,徐汇区宜山路711号2号楼游族大厦
company,job_title,payment,location
游族网络,3D高模建模师（动画）,1-1.5万/月,徐汇区宜山路711号2号楼游族大厦
company,job_title,payment,location
游族网络,概念设计师（动画）,1-1.5万/月,徐汇区宜山路711号2号楼游族大厦
company,job_title,payment,location
游族网络,3D特效师/美术中心,1.5-2万/月,徐汇区宜山路711号2号楼游族大厦
company,job_title,payment,location
游族网络,数据开发工程师/技术资源平台,1-1.5万/月,徐汇区宜山路711号2号楼游族大厦
company,job_title,payment,location
游族网络,资深原画设计(欧美写实）/美术中心,1.5-2万/月,徐汇区宜山路711号2号楼游族大厦
company,job_title,payment,location
游族网络,移动产品测试工程师（MOB云事业部）,1-1.5万/月,徐汇区宜山路711号2号楼游族大厦
company,job_title,payment,location
游族网络,数据开发工程师（爬虫方向）,1.5-2万/月,徐汇区宜山路711号2号楼游族大厦
company,job_title,payment,location
游族网络,测试工程师（星火）,0.8-1.5万/月,徐汇区宜山路711号2号楼游族大厦
company,job_title,payment,location
游族网络,高级运营策划（版本管理方向）,0.8-1.3万/月,徐汇区宜山路711号2号楼游族大厦
company,job_title,payment,location
游族网络,网页设计师,0.8-1.5万/月,徐汇区宜山路711号2号楼游族大厦
company,job_title,payment,location
游族网络,（高级）C++开发工程师,1-2万/月,徐汇区宜山路711号2号楼游族大厦
company,job_title,payment,location
游族网络,数据开发工程师,0.8-1.3万/月,徐汇区宜山路711号2号楼游族大厦
company,job_title,payment,location
游族网络,Java开发工程师,1-1.6万/月,徐汇区宜山路711号2号楼游族大厦
company,job_title,payment,location
游族网络,运维工程师,1-1.5万/月,徐汇区宜山路711号2号楼游族大厦
company,job_title,payment,location
游族网络,资深Cocos2d-x工程师（无限工作室）,1.5-2万/月,徐汇区宜山路711号2号楼游族大厦
company,job_title,payment,location
游族网络,游戏运营经理,1.3-2万/月,徐汇区宜山路711号2号楼游族大厦
company,job_title,payment,location
游族网络,高级运营策划（版本管理方向）,1-1.6万/月,徐汇区宜山路711号2号楼游族大厦
company,job_title,payment,location
游族网络,分镜师（动画）,1-1.5万/月,徐汇区宜山路711号2号楼游族大厦
company,job_title,payment,location
游族网络,游戏测试工程师（无限工作室,6-8千/月,徐汇区宜山路711号2号楼游族大厦
company,job_title,payment,location
游族网络,数据分析,0.6-1.2万/月,徐汇区宜山路711号2号楼游族大厦
company,job_title,payment,location
游族网络,数据分析师,0.8-1.2万/月,徐汇区宜山路711号2号楼游族大厦
company,job_title,payment,location
游族网络,JAVA开发工程师/MOB,2-2.5万/月,徐汇区宜山路711号2号楼游族大厦
company,job_title,payment,location
游族网络,高级Java开发工程师-战神,1.5-2万/月,徐汇区宜山路711号2号楼游族大厦
company,job_title,payment,location
游族网络,C++高级工程师（大侠）,1.3-1.8万/月,徐汇区宜山路711号2号楼游族大厦
company,job_title,payment,location
游族网络,主策划-女神工作室,1.5-2.3万/月,徐汇区宜山路711号2号楼游族大厦
company,job_title,payment,location
游族网络,Java工程师-战神工作室,1-1.5万/月,徐汇区宜山路711号2号楼游族大厦
company,job_title,payment,location
游族网络,游戏本地化专员（德语、西班牙语、葡萄牙语、波兰语）,0.6-1万/月,徐汇区宜山路711号2号楼游族大厦
company,job_title,payment,location
游族网络,H5前端开发工程师,1-1.5万/月,徐汇区宜山路711号2号楼游族大厦
company,job_title,payment,location
游族网络,高级大数据开发工程师,20-30万/年,徐汇区宜山路711号2号楼游族大厦
company,job_title,payment,location
游族网络,部门业务助理,0.7-1.5万/月,徐汇区宜山路711号华鑫中心2号楼17层
company,job_title,payment,location
游族网络,手机游戏测试工程师,1.5-2万/月,徐汇区宜山路711号2号楼游族大厦
company,job_title,payment,location
上海双梧建筑工程有限公司,助理项目经理,4.5-6千/月,上海市黄浦区南昌路60号
company,job_title,payment,location
上海双梧建筑工程有限公司,助理项目经理,4.5-6千/月,上海市黄浦区南昌路60号
company,job_title,payment,location
瑞庭网络技术（上海）有限公司,市场专员（策划/文案）,6-9千/月,上海市徐汇区虹漕路88号H88越虹广场A座18F
company,job_title,payment,location
瑞庭网络技术（上海）有限公司,上市公司高薪客户销售代表,0.8-1万/月,上海市徐汇区虹漕路88号H88越虹广场A座18F
company,job_title,payment,location
游族网络,体育新媒体编辑（实习）,2.6-2.8千/月,徐汇区宜山路711号2号楼游族大厦
company,job_title,payment,location
游族网络,董事长健康顾问,1千以下/月,徐汇区宜山路711号2号楼游族大厦
company,job_title,payment,location
北京联龙博通电子商务技术有限公司,建设银行手机银行营销员（可实习）,4.5-6千/月,建行网点内
company,job_title,payment,location
上海链家,门店直聘 带薪培训 加提成,0.5-1万/月,苗圃路287号
company,job_title,payment,location
精鹰通讯,兴业银行项目电话销售+人均7500+五险一金,6-8千/月,张江高科地铁站
company,job_title,payment,location
上海浩宜信息科技有限公司,实施工程师,0.6-1万/月,郭守敬路498号浦东软件园3号楼3305
company,job_title,payment,location
食在喜欢（上海）食品有限公司,大客户渠道经理,6-8千/月,淞沪路388号
company,job_title,payment,location
北京中公教育科技股份有限公司,金融银行培训讲师,0.5-1万/月,上海市徐汇区中山西路2230号2号楼2楼
company,job_title,payment,location
云唯plus,国企8k云计算工程师（零基础，提供岗前培训）,0.8-1万/月,北邮宏福校区云计算大数据人才培养基地
company,job_title,payment,location
奢殿（上海）贸易有限公司,渠道拓展/业务拓展BD/商务拓展,0.8-1万/月,上海市广纪路838号B栋301~310室
company,job_title,payment,location
高伟达软件股份有限公司,C/C++开发工程师,0.8-1万/月,浦东新区
company,job_title,payment,location
精鹰通讯,兴业银行项目电话销售+人均7500+五险一金,0.8-1万/月,上海市浦东新区杨高南路759号陆家嘴世纪金融广场2号楼8楼(杨高南路花木路路口)
company,job_title,payment,location
中关新才,技术支持/系统运维定岗生（北京国企/银行岗位）,6-8千/月,西城区广安门南滨河路23号2号楼1906室
company,job_title,payment,location
即刻（上海）自动化科技有限公司,生产员工,3-4.5千/月,莘砖公路518号3号楼5层D座
company,job_title,payment,location
上海中世建设咨询有限公司,桌面运维工程师,7-8千/月,上海市曹杨路528弄35号（中世办公楼）
company,job_title,payment,location
武汉武钢众鹏信息系统有限公司,IBM主机软件工程师（零基础免费培训定岗  专业不限）,0.5-1万/月,上海
company,job_title,payment,location
上海任仕达人才服务有限公司,(ID59314)国有银行客服专员,4.5-6千/月,上海
company,job_title,payment,location
广州杰日鲜果汁食品有限公司,银行渠道经理,1-1.5万/月,上海浦东新区康桥路1059号(康桥树源创意园区)H座.
company,job_title,payment,location
国金黄金股份有限公司,银行项目经理（年薪15-20万+高提成+住宿+六险一金）,4.5-6千/月,徐汇区
company,job_title,payment,location
建信期货有限责任公司,业务管理岗,8-10万/年,浦东新区银城路99号五楼
company,job_title,payment,location
建信人寿保险有限公司上海分公司,团体业务部-管理培训生,2-3千/月,源深路1088号8、9楼
company,job_title,payment,location
上海湘商贸易有限公司,天猫/平台运营助理,4-6千/月,上海市静安区梅园路228号企业广场2502-2505
company,job_title,payment,location
上海格略企业管理咨询有限公司,管理培训生,8-10万/年,上海市普陀区兰溪路900弄天汇广场4号楼1701室
company,job_title,payment,location
上海渊泉集币收藏品有限公司,银行渠道销售经理（SH-03）,6-8千/月,南京西路1038号梅龙镇商厦3701室
company,job_title,payment,location
国金黄金股份有限公司,大客户经理（上海）,1-1.5万/月,上海徐汇区龙华中路
company,job_title,payment,location
上海翊斗,"底薪4-6k,各种补贴,国内知名的运营平台招销售代表",0.8-1万/月,各区域就近分配
company,job_title,payment,location
北京神州新桥科技有限公司,高级网络工程师,0.8-1.2万/月,上海世纪大道1500号东方大厦828室
company,job_title,payment,location
上海天鹭保安押运有限公司,武装押运驾驶员,5.5-6.5千/月,南苏州路723号
company,job_title,payment,location
上海兴升工艺品有限公司,高薪聘拍摄摄影修图做视频详情页的网店美工设计师,6-8千/月,剑河路2327号
company,job_title,payment,location
杭州宏递运输有限公司,小时工,1.5-2千/月,徐泾镇华徐公路495号
company,job_title,payment,location
精鹰通讯,兴业银行项目电话销售+人均7500+五险一金,6-8千/月,张江高科地铁站
company,job_title,payment,location
精鹰通讯,兴业银行项目电话销售+人均7500+五险一金,6-8千/月,张江高科地铁站
company,job_title,payment,location
云唯plus,国企8k云计算工程师（零基础也可转行，提供岗前培训）,0.8-1万/月,北邮宏福校区云计算大数据人才培养基地
company,job_title,payment,location
云唯plus,国企8k系统运维工程师（零基础，提供岗前培训）,0.8-1万/月,北邮宏福校区云计算大数据人才培养基地
company,job_title,payment,location
云唯plus,国企8k云计算工程师（零基础，提供岗前培训）,0.8-1万/月,北邮宏福校区云计算大数据人才培养基地
company,job_title,payment,location
云唯plus,国企8k云计算工程师（零基础，提供岗前培训）,0.8-1万/月,北京市昌平区沙河高教园中国农业机械化科学研究院（国企机关，出入需门卡）
company,job_title,payment,location
高伟达软件股份有限公司,java开发工程师（2016应届毕业生）,0.8-1万/月,浦东新区
company,job_title,payment,location
高伟达软件股份有限公司,java开发工程师（2017届毕业生）,6-8千/月,浦东新区
company,job_title,payment,location
高伟达软件股份有限公司,C/C++开发工程师（2017届毕业生）,6-8千/月,浦东新区
company,job_title,payment,location
高伟达软件股份有限公司,java开发工程师(2017届毕业生),6-8千/月,浦东新区
company,job_title,payment,location
高伟达软件股份有限公司,C开发工程师（2017届985、211本科及以上学历）,7-9千/月,浦东新区
company,job_title,payment,location
高伟达软件股份有限公司,java开发工程师（2017届985、211本硕）,7-9千/月,浦东新区
company,job_title,payment,location
精鹰通讯,兴业银行项目电话销售+人均7500+五险一金,0.8-1万/月,上海市浦东新区杨高南路759号陆家嘴世纪金融广场2号楼8楼(杨高南路花木路路口)
company,job_title,payment,location
精鹰通讯,广发银行项目电话销售+人均7500+五险一金,0.8-1万/月,虹口足球场
company,job_title,payment,location
精鹰通讯,兴业银行项目电话销售+人均7500+五险一金,0.8-1万/月,上海市浦东新区杨高南路759号陆家嘴世纪金融广场2号楼8楼(杨高南路花木路路口)
company,job_title,payment,location
精鹰通讯,兴业银行项目电话销售+人均7500+五险一金,0.8-1万/月,上海市浦东新区杨高南路759号陆家嘴世纪金融广场2号楼8楼(杨高南路花木路路口)
company,job_title,payment,location
精鹰通讯,招商银行项目电话销售+人均7500+五险一金,0.8-1万/月,上海市浦东新区杨高南路759号陆家嘴世纪金融广场2号楼8楼(杨高南路花木路路口)
company,job_title,payment,location
精鹰通讯,招商银行项目电话销售+人均7500+五险一金,0.8-1万/月,上海市浦东新区杨高南路759号陆家嘴世纪金融广场2号楼8楼(杨高南路花木路路口)
company,job_title,payment,location
精鹰通讯,招商银行项目电话销售+人均7500+五险一金,0.8-1万/月,上海市浦东新区杨高南路759号陆家嘴世纪金融广场2号楼8楼(杨高南路花木路路口)
company,job_title,payment,location
精鹰通讯,招商银行项目电话销售+人均7500+五险一金,0.8-1万/月,上海市浦东新区杨高南路759号陆家嘴世纪金融广场2号楼8楼(杨高南路花木路路口)
company,job_title,payment,location
精鹰通讯,招商银行项目电话销售+人均7500+五险一金,0.8-1万/月,上海市浦东新区杨高南路759号陆家嘴世纪金融广场2号楼8楼(杨高南路花木路路口)
company,job_title,payment,location
精鹰通讯,广发银行项目电话销售+人均7500+五险一金,0.8-1万/月,虹口足球场
company,job_title,payment,location
精鹰通讯,招商银行项目电话销售+人均7500+五险一金,0.8-1万/月,上海市浦东新区杨高南路759号陆家嘴世纪金融广场2号楼8楼(杨高南路花木路路口)
company,job_title,payment,location
精鹰通讯,招商银行项目电话销售+人均7500+五险一金,0.8-1万/月,上海市浦东新区杨高南路759号陆家嘴世纪金融广场2号楼8楼(杨高南路花木路路口)
company,job_title,payment,location
精鹰通讯,兴业银行项目电话销售+人均7500+五险一金,6-8千/月,张江高科地铁站
company,job_title,payment,location
精鹰通讯,兴业银行项目电话销售+人均7500+五险一金,6-8千/月,张江高科地铁站
company,job_title,payment,location
精鹰通讯,招商银行项目电话销售+人均7500+五险一金,6-8千/月,上海市浦东新区世纪大道
company,job_title,payment,location
精鹰通讯,招商银行项目电话销售+人均7500+五险一金,6-8千/月,上海市浦东新区世纪大道
company,job_title,payment,location
精鹰通讯,招商银行项目电话销售+人均7500+五险一金,6-8千/月,上海市浦东新区世纪大道
company,job_title,payment,location
精鹰通讯,招商银行项目电话销售+人均7500+五险一金,6-8千/月,上海市浦东新区世纪大道
company,job_title,payment,location
精鹰通讯,招商银行项目电话销售+人均7500+五险一金,6-8千/月,上海市浦东新区世纪大道
company,job_title,payment,location
精鹰通讯,兴业银行项目电话销售+人均7500+五险一金,6-8千/月,张江高科地铁站
company,job_title,payment,location
精鹰通讯,兴业银行项目电话销售+人均7500+五险一金,6-8千/月,张江高科地铁站
company,job_title,payment,location
精鹰通讯,电话销售（银行上班）月薪6000-8000，五险一金,6-8千/月,上海市浦东新区世纪大道
company,job_title,payment,location
精鹰通讯,电话销售（银行上班）月薪6000-8000，五险一金,6-8千/月,上海市浦东新区世纪大道
company,job_title,payment,location
精鹰通讯,兴业银行项目电话销售+人均7500+五险一金,6-8千/月,张江高科地铁站
company,job_title,payment,location
精鹰通讯,电话销售（银行上班）月薪6000-8000，五险一金,6-8千/月,上海市浦东新区世纪大道
company,job_title,payment,location
精鹰通讯,电话销售（银行上班）月薪6000-8000，五险一金,6-8千/月,上海市浦东新区世纪大道
company,job_title,payment,location
中关新才,国企数据库/网络工程师(零基础，前期免费岗前实训),6-8千/月,西城区广安门南滨河路23号2号楼1906室
company,job_title,payment,location
中关新才,银行8K系统运维工程师助理,6-8千/月,西城区广安门南滨河路23号2号楼1906室
company,job_title,payment,location
中关新才,技术支持/系统运维 银行8K实习生(后转正）,0.8-1万/月,西城区广安门南滨河路23号2号楼1906室
company,job_title,payment,location
上海中世建设咨询有限公司,招聘专员,1-1.2万/月,上海市曹杨路528弄35号（中世办公楼）
company,job_title,payment,location
上海中世建设咨询有限公司,招标工程师,10-15万/年,上海市曹杨路528弄35号（中世办公楼）
company,job_title,payment,location
精鹰通讯,兴业银行项目电话销售+人均7500+五险一金,6-8千/月,张江高科地铁站
company,job_title,payment,location
精鹰通讯,兴业银行项目电话销售+人均7500+五险一金,6-8千/月,张江高科地铁站
company,job_title,payment,location
精鹰通讯,招商银行项目电话销售+人均7500+五险一金,6-8千/月,上海市浦东新区世纪大道
company,job_title,payment,location
精鹰通讯,兴业银行项目电话销售+人均7500+五险一金,6-8千/月,张江高科地铁站
company,job_title,payment,location
精鹰通讯,兴业银行项目电话销售+人均7500+五险一金,6-8千/月,张江高科地铁站
company,job_title,payment,location
精鹰通讯,兴业银行项目电话销售+人均7500+五险一金,6-8千/月,张江高科地铁站
company,job_title,payment,location
精鹰通讯,招商银行项目电话销售+人均7500+五险一金,6-8千/月,上海市浦东新区世纪大道
company,job_title,payment,location
精鹰通讯,招商银行项目电话销售+人均7500+五险一金,6-8千/月,上海市浦东新区世纪大道
company,job_title,payment,location
精鹰通讯,兴业银行项目电话销售+人均7500+五险一金,6-8千/月,张江高科地铁站
company,job_title,payment,location
精鹰通讯,招商银行项目电话销售+人均7500+五险一金,6-8千/月,上海市浦东新区世纪大道
company,job_title,payment,location
精鹰通讯,招商银行项目电话销售+人均7500+五险一金,6-8千/月,上海市浦东新区世纪大道
company,job_title,payment,location
精鹰通讯,招商银行项目电话销售+人均7500+五险一金,6-8千/月,上海市浦东新区世纪大道
company,job_title,payment,location
精鹰通讯,招商银行项目电话销售+人均7500+五险一金,6-8千/月,上海市浦东新区世纪大道
company,job_title,payment,location
精鹰通讯,招商银行项目电话销售+人均7500+五险一金,6-8千/月,上海市浦东新区世纪大道
company,job_title,payment,location
精鹰通讯,招商银行项目电话销售+人均7500+五险一金,0.8-1万/月,上海市浦东新区杨高南路759号陆家嘴世纪金融广场2号楼8楼(杨高南路花木路路口)
company,job_title,payment,location
精鹰通讯,招商银行项目电话销售+人均7500+五险一金,0.8-1万/月,上海市浦东新区杨高南路759号陆家嘴世纪金融广场2号楼8楼(杨高南路花木路路口)
company,job_title,payment,location
精鹰通讯,招商银行项目电话销售+人均7500+五险一金,0.8-1万/月,上海市浦东新区杨高南路759号陆家嘴世纪金融广场2号楼8楼(杨高南路花木路路口)
company,job_title,payment,location
精鹰通讯,招商银行项目电话销售+人均7500+五险一金,0.8-1万/月,上海市浦东新区杨高南路759号陆家嘴世纪金融广场2号楼8楼(杨高南路花木路路口)
company,job_title,payment,location
精鹰通讯,招商银行项目电话销售+人均7500+五险一金,0.8-1万/月,上海市浦东新区杨高南路759号陆家嘴世纪金融广场2号楼8楼(杨高南路花木路路口)
company,job_title,payment,location
精鹰通讯,招商银行项目电话销售+人均7500+五险一金,0.8-1万/月,上海市浦东新区杨高南路759号陆家嘴世纪金融广场2号楼8楼(杨高南路花木路路口)
company,job_title,payment,location
精鹰通讯,广发银行项目电话销售+人均7500+五险一金,0.8-1万/月,虹口足球场
company,job_title,payment,location
精鹰通讯,招商银行项目电话销售+人均7500+五险一金,0.8-1万/月,上海市浦东新区杨高南路759号陆家嘴世纪金融广场2号楼8楼(杨高南路花木路路口)
company,job_title,payment,location
精鹰通讯,招商银行项目电话销售+人均7500+五险一金,0.8-1万/月,上海市浦东新区杨高南路759号陆家嘴世纪金融广场2号楼8楼(杨高南路花木路路口)
company,job_title,payment,location
精鹰通讯,招商银行项目电话销售+人均7500+五险一金,0.8-1万/月,上海市浦东新区杨高南路759号陆家嘴世纪金融广场2号楼8楼(杨高南路花木路路口)
company,job_title,payment,location
精鹰通讯,招商银行项目电话销售+人均7500+五险一金,0.8-1万/月,上海市浦东新区杨高南路759号陆家嘴世纪金融广场2号楼8楼(杨高南路花木路路口)
company,job_title,payment,location
精鹰通讯,招商银行项目电话销售+人均7500+五险一金,0.8-1万/月,上海市浦东新区杨高南路759号陆家嘴世纪金融广场2号楼8楼(杨高南路花木路路口)
company,job_title,payment,location
精鹰通讯,招商银行项目电话销售+人均7500+五险一金,0.8-1万/月,上海市浦东新区杨高南路759号陆家嘴世纪金融广场2号楼8楼(杨高南路花木路路口)
company,job_title,payment,location
精鹰通讯,招商银行项目电话销售+人均7500+五险一金,0.8-1万/月,上海市浦东新区杨高南路759号陆家嘴世纪金融广场2号楼8楼(杨高南路花木路路口)
company,job_title,payment,location
精鹰通讯,招商银行项目电话销售+人均7500+五险一金,0.8-1万/月,上海市浦东新区杨高南路759号陆家嘴世纪金融广场2号楼8楼(杨高南路花木路路口)
company,job_title,payment,location
精鹰通讯,招商银行项目电话销售+人均7500+五险一金,0.8-1万/月,上海市浦东新区杨高南路759号陆家嘴世纪金融广场2号楼8楼(杨高南路花木路路口)
company,job_title,payment,location
精鹰通讯,招商银行项目电话销售+人均7500+五险一金,0.8-1万/月,上海市浦东新区杨高南路759号陆家嘴世纪金融广场2号楼8楼(杨高南路花木路路口)
company,job_title,payment,location
精鹰通讯,招商银行项目电话销售+人均7500+五险一金,0.8-1万/月,上海市浦东新区杨高南路759号陆家嘴世纪金融广场2号楼8楼(杨高南路花木路路口)
company,job_title,payment,location
精鹰通讯,招商银行项目电话销售+人均7500+五险一金,0.8-1万/月,上海市浦东新区杨高南路759号陆家嘴世纪金融广场2号楼8楼(杨高南路花木路路口)
company,job_title,payment,location
精鹰通讯,招商银行项目电话销售+人均7500+五险一金,0.8-1万/月,上海市浦东新区杨高南路759号陆家嘴世纪金融广场2号楼8楼(杨高南路花木路路口)
company,job_title,payment,location
精鹰通讯,招商银行项目电话销售+人均7500+五险一金,0.8-1万/月,上海市浦东新区杨高南路759号陆家嘴世纪金融广场2号楼8楼(杨高南路花木路路口)
company,job_title,payment,location
精鹰通讯,招商银行项目电话销售+人均7500+五险一金,0.8-1万/月,上海市浦东新区杨高南路759号陆家嘴世纪金融广场2号楼8楼(杨高南路花木路路口)
company,job_title,payment,location
精鹰通讯,招商银行项目电话销售+人均7500+五险一金,0.8-1万/月,上海市浦东新区杨高南路759号陆家嘴世纪金融广场2号楼8楼(杨高南路花木路路口)
company,job_title,payment,location
精鹰通讯,招商银行项目电话销售+人均7500+五险一金,0.8-1万/月,上海市浦东新区杨高南路759号陆家嘴世纪金融广场2号楼8楼(杨高南路花木路路口)
company,job_title,payment,location
国金黄金股份有限公司,银行渠道销售专员,4.5-6千/月,上海市徐汇区龙华中路绿地置业广场10层
company,job_title,payment,location
国金黄金股份有限公司,渠道销售代表（底薪5000+高提成+六险一金+住宿）,0.8-1万/月,中山南二路徐汇苑大厦
company,job_title,payment,location
国金黄金股份有限公司,银行项目经理（年薪15-20万+高提成+住宿+六险一金）,4.5-6千/月,徐汇区龙华中路596号A座1006室
company,job_title,payment,location
国金黄金股份有限公司,银行项目经理（年薪15-20万+高提成+住宿+六险一金）,4.5-6千/月,通州北苑万达广场B座26层
company,job_title,payment,location
国金黄金股份有限公司,银行渠道销售（底薪5k+六险一金+免费住宿）,0.8-1万/月,苏州市姑苏区平陇路50号和润家园7幢301室
company,job_title,payment,location
国金黄金股份有限公司,贵金属银行渠道销售专员（可接受全国出差）,4.5-6千/月,北京市通州区北苑155号北京大唐高新科技园11幢。
company,job_title,payment,location
国金黄金股份有限公司,银行项目经理（年薪15-20万+高提成+住宿+六险一金）,4.5-6千/月,徐汇区龙华中路596号A座1006室
company,job_title,payment,location
建信人寿保险有限公司上海分公司,团体业务部-团险客户经理,0.5-1万/月,源深路1088号葛洲坝大厦8、9楼
company,job_title,payment,location
上海中世建设咨询有限公司,行政专员,4.5-6千/月,上海市曹杨路528弄35号（中世办公楼）
company,job_title,payment,location
上海中世建设咨询有限公司,文员（机电招标部）,4.5-6千/月,上海市曹杨路528弄35号（中世办公楼）
company,job_title,payment,location
国金黄金股份有限公司,银行项目经理,4.5-6千/月,上海
company,job_title,payment,location
国金黄金股份有限公司,银行项目经理（年薪15-20万+高提成+住宿+六险一金）,4.5-6千/月,上海
company,job_title,payment,location
国金黄金股份有限公司,银行渠道销售,1-1.5万/月,杭州
company,job_title,payment,location
国金黄金股份有限公司,银行渠道销售（底薪3000-5000+六险一金+提供住宿）,4.5-6千/月,龙华中路绿地置业广场
company,job_title,payment,location
国金黄金股份有限公司,贵金属银行销售专员（可提供住宿）,4.5-6千/月,北京市通州区北苑155号北京大唐高新科技园11幢。
company,job_title,payment,location
国金黄金股份有限公司,贵金属银行渠道销售专员（可提供住宿）,4-5千/月,北京市通州区北苑155号北京大唐高新科技园11幢。
company,job_title,payment,location
国金黄金股份有限公司,贵金属银行渠道销售专员（可提供住宿）,4.5-6千/月,北京市通州区北苑155号北京大唐高新科技园11幢。
company,job_title,payment,location
国金黄金股份有限公司,贵金属银行渠道销售专员（可接受全国出差）,4.5-6千/月,北京市通州区北苑155号北京大唐高新科技园11幢。
company,job_title,payment,location
国金黄金股份有限公司,贵金属银行渠道销售专员（可提供住宿）,4.5-6千/月,上海市徐汇区龙华中路绿地置业广场10层
company,job_title,payment,location
国金黄金股份有限公司,管培生（无责底薪5000+高提成+高档住宿+六险一金）,1-1.5万/月,上海徐汇区龙华中路
company,job_title,payment,location
上海翊斗,"底薪4-6k,各种补贴,国内知名的运营平台招销售代表",0.8-1.2万/月,漕河泾开发区
company,job_title,payment,location
上海翊斗,"底薪4-6k,各种补贴,国内知名的运营平台招销售代表",0.8-1.2万/月,逸仙路2816号
company,job_title,payment,location
上海翊斗,"底薪4-6k,各种补贴,国内知名的运营平台招销售代表",0.8-1.2万/月,虹口区东体育会路
company,job_title,payment,location
上海翊斗,"底薪4-6k,各种补贴,国内知名的运营平台招销售代表",0.8-1.2万/月,各区域就近分配
company,job_title,payment,location
上海天鹭保安押运有限公司,武装押运员,4.5-5.5千/月,南苏州路726号
company,job_title,payment,location
上海翊斗,做五休二不加班朝阳产业招聘客户代表多种销售模式,0.8-1.2万/月,逸仙路2816号
company,job_title,payment,location
上海翊斗,"底薪4-6k,各种补贴,国内知名运营平台招销售代表",0.8-1.2万/月,逸仙路2816号
company,job_title,payment,location
上海翊斗,"底薪4-6k,各种补贴,国内知名的运营平台招销售代表",0.8-1.2万/月,各区域可就近分配
company,job_title,payment,location
上海翊斗,"底薪4-6k,各种补贴,国内知名的运营平台招销售代表",0.8-1.2万/月,各区域就近分配
company,job_title,payment,location
上海翊斗,"底薪4-6k,各种补贴,国内知名的运营平台招销售代表",0.8-1.2万/月,逸仙路2816号
company,job_title,payment,location
上海翊斗,底薪7k知名微信公众号运营平台招销售代表及商务顾问,0.8-1.2万/月,逸仙路2816号
company,job_title,payment,location
上海翊斗,"底薪4-6k,各种补贴,国内知名的运营平台招销售代表",0.8-1.2万/月,静安区逸仙路
company,job_title,payment,location
上海翊斗,底薪4-6k各种补贴国内知名的运营平台招销售代表,0.8-1.2万/月,静安区逸仙路
company,job_title,payment,location
上海翊斗,底薪4-6k各种补贴国内知名的运营平台招销售及维护专员,0.8-1.2万/月,各区域可就近分配
company,job_title,payment,location
上海兴升工艺品有限公司,高提成招聘京东淘宝天猫各网店运营推广店长,0.6-5万/月,剑河路2327号
company,job_title,payment,location
上海兴升工艺品有限公司,高薪聘拍摄摄影修图做视频详情页页面编辑的网店美工,6-8千/月,剑河路2327号
company,job_title,payment,location
上海兴升工艺品有限公司,高薪聘拍摄摄影修图做视频详情页页面编辑的网店美工,6-8千/月,剑河路2327号
company,job_title,payment,location
上海兴升工艺品有限公司,高提成招聘京东淘宝天猫各网店运营推广店长,0.8-5万/月,剑河路2327号
company,job_title,payment,location
上海兴升工艺品有限公司,高薪聘拍摄摄影修图做视频详情页页面编辑的网店美工,6-8千/月,剑河路2327号
company,job_title,payment,location
上海兴升工艺品有限公司,高提成招聘京东淘宝天猫各网店运营推广店长,0.6-5万/月,剑河路2327号
company,job_title,payment,location
上海兴升工艺品有限公司,波斯真丝地毯摄像图片美工视频详情页制作实习生,150元/天,剑河路2327号
company,job_title,payment,location
上海兴升工艺品有限公司,阿里巴巴国际eBay亚马逊wish速卖通跨境电商人才招聘,0.6-5万/月,剑河路2327号
company,job_title,payment,location
上海兴升工艺品有限公司,高提成招聘京东淘宝天猫各网店运营推广店长,0.6-5万/月,剑河路2327号
company,job_title,payment,location
上海兴升工艺品有限公司,聘会拍摄摄影修图做视频详情页网店页面编辑的网店美工,5-8千/月,剑河路2327号
company,job_title,payment,location
上海兴升工艺品有限公司,招聘真丝地毯淘宝阿里巴巴京东天猫网店推广运营主管,0.6-5万/月,剑河路2327号
company,job_title,payment,location
上海兴升工艺品有限公司,波斯真丝地毯摄像图片美工视频详情页制作实习生,150元/天,剑河路2327号
company,job_title,payment,location
上海兴升工艺品有限公司,波斯真丝地毯产品图片拍摄美工视频网页美化详情页制作,0.6-1.2万/月,剑河路2327号
company,job_title,payment,location
上海兴升工艺品有限公司,百度搜索引擎关键词优化SEO SEM自然付费优化管理专员,0.6-5万/月,剑河路2327号
company,job_title,payment,location
上海兴升工艺品有限公司,阿里巴巴国际eBay亚马逊wish速卖通跨境电商人才招聘,0.6-5万/月,剑河路2327号
company,job_title,payment,location
上海兴升工艺品有限公司,波斯真丝地毯摄像图片美工视频详情页制作实习生,150元/天,剑河路2327号
company,job_title,payment,location
上海兴升工艺品有限公司,亿丝真丝地毯淘宝阿里巴巴京东天猫网店推广运营专员,0.6-5万/月,剑河路2327号
company,job_title,payment,location
上海兴升工艺品有限公司,奢侈品地毯购物官网独立设计制作维护推广SEO人员,0.6-1.5万/月,剑河路2327号
company,job_title,payment,location
上海兴升工艺品有限公司,网站网店跨境电商SEOSEM电商团队人才大招聘,0.6-5万/月,剑河路2327号
